,"2013
07월",,,,"2013
08월",,,,"2013
09월",,,,"2013
10월",,,,"2013
11월",,,,"2013
12월",,,,"2014
01월",,,,"2014
02월",,,,"2014
03월",,,,"2014
04월",,,,"2014
05월",,,,"2014
06월",,,,"2014
07월",,,,"2014
08월",,,,"2014
09월",,,,"2014
10월",,,,"2014
11월",,,,"2014
12월",,,,"2015
01월",,,,"2015
02월",,,,"2015
03월",,,,"2015
04월",,,,"2015
05월",,,,"2015
06월",,,,"2015
07월",,,,"2015
08월",,,,"2015
09월",,,,"2015
10월",,,,"2015
11월",,,,"2015
12월",,,,"2016
01월",,,,"2016
02월",,,,"2016
03월",,,,"2016
04월",,,,"2016
05월",,,,"2016
06월",,,,"2016
07월",,,,"2016
08월",,,,"2016
09월",,,,"2016
10월",,,,"2016
11월",,,,"2016
12월",,,,"2017
01월",,,,"2017
02월",,,,"2017
03월",,,,"2017
04월",,,,"2017
05월",,,,"2017
06월",,,,"2017
07월",,,
,신규구인인원,신규구직건수,취업건수,취업률_201307,신규구인인원,신규구직건수,취업건수,취업률,신규구인인원,신규구직건수,취업건수,취업률,신규구인인원,신규구직건수,취업건수,취업률,신규구인인원,신규구직건수,취업건수,취업률,신규구인인원,신규구직건수,취업건수,취업률,신규구인인원,신규구직건수,취업건수,취업률,신규구인인원,신규구직건수,취업건수,취업률,신규구인인원,신규구직건수,취업건수,취업률,신규구인인원,신규구직건수,취업건수,취업률,신규구인인원,신규구직건수,취업건수,취업률,신규구인인원,신규구직건수,취업건수,취업률,신규구인인원,신규구직건수,취업건수,취업률_201407,신규구인인원,신규구직건수,취업건수,취업률,신규구인인원,신규구직건수,취업건수,취업률,신규구인인원,신규구직건수,취업건수,취업률,신규구인인원,신규구직건수,취업건수,취업률,신규구인인원,신규구직건수,취업건수,취업률,신규구인인원,신규구직건수,취업건수,취업률,신규구인인원,신규구직건수,취업건수,취업률,신규구인인원,신규구직건수,취업건수,취업률,신규구인인원,신규구직건수,취업건수,취업률,신규구인인원,신규구직건수,취업건수,취업률,신규구인인원,신규구직건수,취업건수,취업률,신규구인인원,신규구직건수,취업건수,취업률_201507,신규구인인원,신규구직건수,취업건수,취업률,신규구인인원,신규구직건수,취업건수,취업률,신규구인인원,신규구직건수,취업건수,취업률,신규구인인원,신규구직건수,취업건수,취업률,신규구인인원,신규구직건수,취업건수,취업률,신규구인인원,신규구직건수,취업건수,취업률,신규구인인원,신규구직건수,취업건수,취업률,신규구인인원,신규구직건수,취업건수,취업률,신규구인인원,신규구직건수,취업건수,취업률,신규구인인원,신규구직건수,취업건수,취업률,신규구인인원,신규구직건수,취업건수,취업률,신규구인인원,신규구직건수,취업건수,취업률_201607,신규구인인원,신규구직건수,취업건수,취업률,신규구인인원,신규구직건수,취업건수,취업률,신규구인인원,신규구직건수,취업건수,취업률,신규구인인원,신규구직건수,취업건수,취업률,신규구인인원,신규구직건수,취업건수,취업률,신규구인인원,신규구직건수,취업건수,취업률,신규구인인원,신규구직건수,취업건수,취업률,신규구인인원,신규구직건수,취업건수,취업률,신규구인인원,신규구직건수,취업건수,취업률,신규구인인원,신규구직건수,취업건수,취업률,신규구인인원,신규구직건수,취업건수,취업률,신규구인인원,신규구직건수,취업건수,취업률_201707
계,138815,266551,76164,28.6,146911,224526,67208,29.9,140100,220526,65996,29.9,150502,252886,73348,29.0,134893,208348,71589,34.4,133342,250188,62652,25.0,136730,299955,61877,20.6,145527,239384,69886,29.2,150454,266707,98826,37.1,170488,248717,85685,34.5,130924,225168,72371,32.1,132254,234648,69784,29.7,137852,272245,77872,28.6,137517,217152,66276,30.5,137728,225426,66737,29.6,141581,245293,75556,30.8,126783,224073,63943,28.5,147873,235098,61100,26.0,137464,323548,76535,23.7,108653,219592,63735,29.0,183479,284766,99716,35.0,138335,260023,88414,34.0,122386,219804,70033,31.9,150426,245213,77943,31.8,127293,283965,76997,27.1,134096,217781,66270,30.4,135974,227142,71466,31.5,147264,250155,71964,28.8,132268,218446,71039,32.5,152070,246086,63112,25.6,131893,309475,68507,22.1,127317,225314,64521,28.6,180460,292730,95636,32.7,134727,233340,78295,33.6,133845,213774,69665,32.6,151907,231129,68926,29.8,129203,239837,69235,28.9,148535,212162,61856,29.2,147425,202963,61739,30.4,146518,207056,65313,31.5,140573,204662,65896,32.2,164990,206901,58909,28.5,135596,254381,58156,22.9,154097,209136,64563,30.9,190803,251660,85585,34.0,143058,220370,68357,31.0,146198,219211,57233,26.1,167787,231035,61025,26.4,136595,229101,59604,26.0
관리직,4207,19342,5381,27.8,2469,16160,4824,29.9,1861,15233,4643,30.5,1866,18255,4863,26.6,1535,14713,4856,33.0,1271,16144,4432,27.5,1379,19869,4270,21.5,1877,16117,4819,29.9,1772,17796,6044,34.0,1644,17958,5824,32.4,1638,16031,5010,31.3,1433,16081,5022,31.2,1748,18921,5416,28.6,1369,15847,4698,29.6,1473,15793,4675,29.6,1562,17884,5131,28.7,1351,15762,4227,26.8,1572,15825,4286,27.1,1750,22197,5445,24.5,1390,15897,4498,28.3,1859,18727,6507,34.7,1962,18018,6136,34.1,1435,14526,4935,34.0,824,13753,5299,38.5,720,16455,4666,28.4,948,12403,4031,32.5,930,12993,4081,31.4,1249,14993,4045,27.0,1162,11818,3759,31.8,1294,13861,3583,25.8,1286,18473,3852,20.9,1375,13533,3703,27.4,1830,16373,5021,30.7,1760,13201,4291,32.5,1681,11076,3929,35.5,2011,12626,3711,29.4,2522,13806,3642,26.4,2469,11692,3215,27.5,2252,10492,3118,29.7,2417,10792,3259,30.2,2627,10397,3276,31.5,2660,10242,2934,28.6,2361,15690,2950,18.8,3209,12957,3415,26.4,3228,14251,4390,30.8,2925,14429,3848,26.7,3085,13409,3249,24.2,3121,13312,3464,26.0,2675,14106,3296,23.4
경영회계사무,23734,64957,19056,29.3,24398,56123,16183,28.8,20918,55990,15924,28.4,26637,65268,18301,28.0,23170,53410,17801,33.3,20461,60986,15896,26.1,20188,68789,15664,22.8,25104,58294,16958,29.1,25218,64943,21550,33.2,25838,63567,20671,32.5,22917,57434,17681,30.8,24459,59729,17654,29.6,23730,66759,19799,29.7,20883,53995,16522,30.6,22841,57225,16102,28.1,24611,62964,18594,29.5,21140,57077,15772,27.6,21699,57101,15675,27.5,20268,72939,19080,26.2,16469,52162,15392,29.5,25054,67800,21119,31.1,22672,64254,20566,32.0,19044,55080,16807,30.5,24261,61693,19342,31.4,21127,69878,18737,26.8,20861,54138,16018,29.6,19759,57544,17113,29.7,23822,64148,17640,27.5,20922,55773,17327,31.1,19709,61074,16135,26.4,19607,71057,17109,24.1,19576,55231,15550,28.2,24487,72062,20895,29.0,21004,60642,18635,30.7,21323,55732,16949,30.4,22350,61720,17294,28.0,19601,60665,17006,28.0,22149,56185,14887,26.5,20709,54761,15132,27.6,23039,55828,16531,29.6,21617,54683,16731,30.6,19957,53928,15445,28.6,18709,61757,14570,23.6,22495,54389,16126,29.6,22945,65505,19272,29.4,19641,59178,16386,27.7,20397,59481,13705,23.0,21915,62941,15171,24.1,19324,60397,14714,24.4
금융보험,1309,2588,613,23.7,1020,1853,499,26.9,949,1941,512,26.4,1116,2462,478,19.4,1323,1865,511,27.4,847,2100,546,26.0,907,2623,529,20.2,941,2342,561,24.0,854,2231,686,30.7,990,2542,626,24.6,589,2308,563,24.4,476,2175,583,26.8,859,2685,656,24.4,446,2020,566,28.0,601,1928,503,26.1,545,2427,524,21.6,554,2051,464,22.6,526,1916,427,22.3,414,2866,589,20.6,346,1958,496,25.3,553,2273,684,30.1,465,2453,686,28.0,358,1959,493,25.2,356,2047,624,30.5,420,2622,585,22.3,280,1959,457,23.3,374,1850,479,25.9,345,2211,491,22.2,426,1787,415,23.2,228,1923,460,23.9,343,2784,466,16.7,356,1922,473,24.6,435,2469,597,24.2,393,2013,505,25.1,364,1758,475,27.0,401,1934,472,24.4,343,2088,510,24.4,369,1864,442,23.7,387,1633,373,22.8,319,1717,435,25.3,246,1640,447,27.3,284,1604,388,24.2,312,2423,417,17.2,517,2359,490,20.8,433,2033,514,25.3,255,2014,467,23.2,244,2212,377,17.0,357,1997,387,19.4,289,2144,390,18.2
교육과학연구,1017,6827,1334,19.5,1174,5138,1709,33.3,910,7910,2085,26.4,1088,5938,1469,24.7,1120,4550,1083,23.8,1390,7817,902,11.5,1549,12224,860,7.0,1760,6345,1691,26.7,1171,15260,7283,47.7,951,7318,2275,31.1,838,5246,1640,31.3,1171,7039,1525,21.7,1118,6815,1462,21.5,965,5141,1692,32.9,972,8290,2316,27.9,1213,5723,1497,26.2,1342,4913,996,20.3,1544,6643,882,13.3,1643,10898,1038,9.5,1914,6268,1304,20.8,1249,16204,6193,38.2,1121,7166,2394,33.4,881,4866,1582,32.5,1013,6944,1616,23.3,1042,6983,1457,20.9,1068,5074,1785,35.2,970,8620,2303,26.7,1215,5971,1524,25.5,1228,4630,1037,22.4,1452,7329,876,12.0,1591,9466,1058,11.2,1970,5801,1361,23.5,1272,16019,5401,33.7,980,6237,1874,30.0,927,4728,1454,30.8,1065,7344,1425,19.4,1180,5431,1170,21.5,1328,4740,1578,33.3,1018,6932,1747,25.2,1049,4495,1123,25.0,1318,4327,935,21.6,1505,6004,719,12.0,1482,8398,836,10.0,1390,5416,1168,21.6,1279,13777,4917,35.7,888,6191,1604,25.9,963,4887,1417,29.0,963,8182,1147,14.0,965,5615,1006,17.9
법률소방교도,257,1211,309,25.5,156,986,244,24.7,148,930,294,31.6,335,1142,294,25.7,156,919,289,31.4,137,951,277,29.1,179,1169,272,23.3,165,972,302,31.1,218,1064,344,32.3,156,1102,344,31.2,164,954,310,32.5,192,985,299,30.4,169,1086,324,29.8,176,897,273,30.4,159,924,307,33.2,210,1083,324,29.9,178,966,286,29.6,186,905,273,30.2,152,1187,311,26.2,142,866,248,28.6,222,1148,354,30.8,244,1001,321,32.1,220,919,264,28.7,217,939,331,35.3,228,1102,292,26.5,177,840,283,33.7,163,922,244,26.5,181,994,267,26.9,163,951,242,25.4,174,962,234,24.3,199,1175,276,23.5,160,950,244,25.7,210,1165,338,29.0,198,994,270,27.2,176,915,259,28.3,167,996,271,27.2,135,939,266,28.3,176,881,247,28.0,155,844,249,29.5,174,868,264,30.4,138,874,244,27.9,132,805,244,30.3,151,993,203,20.4,174,864,239,27.7,187,1039,290,27.9,164,1015,266,26.2,162,980,226,23.1,144,962,287,29.8,127,1077,254,23.6
보건의료,4100,13885,3669,26.4,4573,13612,3216,23.6,4349,12326,3402,27.6,4775,13209,3940,29.8,4856,10462,3703,35.4,3830,12706,3195,25.1,3518,16652,3250,19.5,4187,14728,3629,24.6,4115,15061,4949,32.9,4202,12676,4665,36.8,3874,11229,4243,37.8,3819,11633,3904,33.6,4690,15410,3951,25.6,4587,13661,3226,23.6,4526,12362,3493,28.3,5580,12034,4137,34.4,4836,11280,3447,30.6,5269,11823,3311,28.0,4641,18554,4146,22.3,4137,14884,3518,23.6,5853,16378,5310,32.4,4846,14364,5061,35.2,4391,11630,4249,36.5,4870,12727,4469,35.1,5268,16041,3969,24.7,5416,14741,3609,24.5,5306,13785,3965,28.8,6766,14065,4113,29.2,5811,12751,4341,34.0,5758,13790,3791,27.5,4948,18283,4016,22.0,5516,15270,3882,25.4,6313,17965,5531,30.8,5436,13947,4894,35.1,5996,12502,4500,36.0,5757,13472,4421,32.8,5839,14299,4121,28.8,6487,14142,3671,26.0,5955,12902,3729,28.9,5777,12493,4097,32.8,5780,12480,3998,32.0,6391,12620,3618,28.7,5536,16494,3637,22.1,6342,15099,3965,26.3,6196,17307,5519,31.9,5982,14493,4631,32.0,6233,13755,4105,29.8,6962,14371,4561,31.7,6602,14910,3750,25.2
사회복지및종교,1610,7327,2421,33.0,1658,5853,2164,37.0,1476,7264,2302,31.7,1630,6966,1954,28.1,1875,5383,1670,31.0,2318,7559,1343,17.8,2741,9770,1694,17.3,2404,6671,2018,30.3,1659,14436,3945,27.3,1408,8304,2623,31.6,1299,6347,2220,35.0,1357,7888,2071,26.3,1651,7855,2370,30.2,1463,5845,2413,41.3,1560,7702,2425,31.5,1757,6945,2175,31.3,1846,6136,1601,26.1,2584,7187,1413,19.7,3047,10597,2147,20.3,2083,6578,1964,29.9,1997,16027,3982,24.8,1810,8648,2711,31.3,1511,6281,2306,36.7,2077,8259,2520,30.5,2050,8452,2608,30.9,2401,6573,2629,40.0,2258,8434,3177,37.7,2370,7452,2518,33.8,2267,6226,2011,32.3,3377,7850,1623,20.7,3801,10557,2216,21.0,2988,7077,2044,28.9,2388,16298,4161,25.5,1997,7918,2676,33.8,2191,6589,2384,36.2,2339,8492,2402,28.3,2317,7325,2467,33.7,2483,6571,2514,38.3,2276,7664,2325,30.3,2305,6426,2118,33.0,2545,6389,1821,28.5,4469,7487,1597,21.3,4086,10112,2142,21.2,3427,7512,2332,31.0,2522,15755,4211,26.7,2076,8513,2524,29.6,2150,7626,2163,28.4,2540,10475,2335,22.3,2674,8014,2342,29.2
문화방송예술,3817,13418,3025,22.5,3606,12032,2897,24.1,3260,11182,2748,24.6,3899,12639,3087,24.4,3430,10579,3108,29.4,3250,11917,2975,25.0,3493,14313,2771,19.4,4205,13157,3017,22.9,4720,13650,4120,30.2,4471,12553,3794,30.2,3743,11203,3251,29.0,3900,11748,3188,27.1,3824,13117,3604,27.5,3575,11553,2917,25.2,3728,11445,2967,25.9,4123,12254,3333,27.2,3962,11238,2786,24.8,3803,11423,2892,25.3,4224,15600,3511,22.5,3273,12041,2953,24.5,4960,14645,4067,27.8,4254,13152,4038,30.7,3853,11270,3073,27.3,4301,12645,3658,28.9,4029,14352,3347,23.3,4006,11414,3021,26.5,3785,11758,3275,27.9,4481,12362,3193,25.8,4087,10888,3208,29.5,3937,12092,2985,24.7,4066,14621,3132,21.4,3798,11959,2923,24.4,4514,14785,3932,26.6,4088,11739,3622,30.9,3922,10411,3085,29.6,4103,11171,3133,28.0,3624,11355,2910,25.6,3997,10600,2638,24.9,3683,9901,2630,26.6,3850,10153,2664,26.2,3713,9716,2963,30.5,3485,9698,2760,28.5,3448,12041,2480,20.6,4558,10598,2734,25.8,4497,12430,3284,26.4,4025,11275,3045,27.0,4106,11133,2411,21.7,3970,11414,2572,22.5,3686,11153,2441,21.9
운전및운송,5103,11512,4474,38.9,6228,9374,3999,42.7,5029,8807,3532,40.1,6052,10590,4088,38.6,5999,9210,4208,45.7,5111,10485,3610,34.4,4953,11364,3248,28.6,5991,9322,3514,37.7,6475,10311,4616,44.8,6681,10739,4488,41.8,5767,9421,3829,40.6,5851,9734,3593,36.9,5690,11051,4520,40.9,5356,8567,3677,42.9,6066,8764,3399,38.8,6935,10265,4004,39.0,5996,9277,3544,38.2,6416,9710,3187,32.8,5604,12557,3867,30.8,4720,8178,3139,38.4,8915,10384,4736,45.6,6278,11138,4566,41.0,6611,9143,3657,40.0,6508,10616,4109,38.7,5618,11686,4637,39.7,6436,8986,3595,40.0,5676,8394,3714,44.2,7620,10157,3813,37.5,6483,9277,3961,42.7,6899,10230,3391,33.1,5379,12196,3478,28.5,6147,8747,3328,38.0,8491,10758,4692,43.6,7077,10139,4148,40.9,7152,9587,3754,39.2,7236,9511,3611,38.0,7569,9992,4392,44.0,7904,8879,3382,38.1,6899,8059,3348,41.5,7807,8786,3551,40.4,7579,8684,3756,43.3,7426,8649,3300,38.2,6684,9757,3110,31.9,8237,8192,3228,39.4,9292,9120,4109,45.1,7591,8972,3641,40.6,7826,8987,3138,34.9,9225,8802,3236,36.8,7612,9210,3743,40.6
영업원및판매,7039,9911,2430,24.5,8974,8348,2231,26.7,7909,8050,2395,29.8,9445,9840,2480,25.2,8343,8017,2305,28.8,6345,8748,2185,25.0,6540,9810,2011,20.5,7486,8580,2140,24.9,8029,9188,2685,29.2,8687,9586,2660,27.7,8358,8741,2414,27.6,8291,8554,2298,26.9,8627,9801,2668,27.2,7840,8173,2294,28.1,8715,8554,2227,26.0,9586,9632,2686,27.9,7623,8693,2164,24.9,8003,8483,2129,25.1,7015,10818,2589,23.9,5848,7681,2136,27.8,9105,9633,2858,29.7,7487,9858,2870,29.1,6399,8690,2302,26.5,7799,9736,2503,25.7,6866,11372,2682,23.6,7367,8777,2396,27.3,7266,8987,2558,28.5,8465,10431,2708,26.0,6852,9172,2808,30.6,5799,9711,2433,25.1,6170,11338,2526,22.3,6045,8948,2210,24.7,8197,10976,2903,26.4,6852,9821,2732,27.8,7100,8754,2602,29.7,7224,9234,2425,26.3,6537,9751,2503,25.7,8034,8864,2346,26.5,7152,8398,2361,28.1,8365,8791,2272,25.8,7723,8569,2481,29.0,7128,8124,2240,27.6,5425,8933,2384,26.7,6720,7806,2229,28.6,7393,9049,2708,29.9,6553,8600,2367,27.5,6539,8457,1918,22.7,6689,8800,2103,23.9,5852,8678,1922,22.1
경비및청소,4317,17526,4947,28.2,4745,12438,4095,32.9,3873,11600,3749,32.3,4880,15191,4366,28.7,4195,12276,4244,34.6,4941,15284,3731,24.4,3682,21996,4576,20.8,4909,13232,4558,34.4,4551,14321,6277,43.8,4884,15355,5331,34.7,4096,12884,4351,33.8,4404,13027,4077,31.3,4661,17692,4839,27.4,4450,11995,3835,32.0,4589,12696,3776,29.7,4561,14740,4542,30.8,4019,13179,3931,29.8,5302,14668,3342,22.8,3724,24350,5129,21.1,3747,11557,4065,35.2,5209,14942,6543,43.8,4247,15426,5547,36.0,3934,12351,4208,34.1,5127,14058,4614,32.8,4333,19423,5254,27.1,4162,11999,3859,32.2,4196,12289,3959,32.2,4477,14417,4281,29.7,4114,13079,4341,33.2,5975,15453,3593,23.3,4430,24511,5177,21.1,4555,12511,4098,32.8,5423,15190,6512,42.9,4619,14176,4932,34.8,4798,12376,4289,34.7,5318,12693,4185,33.0,4970,16803,4685,27.9,5755,11764,3720,31.6,4639,10984,3629,33.0,5331,12330,3932,31.9,5217,12313,4005,32.5,6422,12723,3337,26.2,4829,19218,4649,24.2,5261,10863,4322,39.8,6129,12495,5538,44.3,5021,12509,4556,36.4,5748,11497,3577,31.1,5527,11816,3781,32.0,4911,14366,3971,27.6
미용숙박오락,717,7392,1160,15.7,902,6338,1101,17.4,882,6439,1104,17.1,1287,7162,1174,16.4,1620,6273,1214,19.4,632,6904,1308,18.9,622,8844,1081,12.2,1034,6552,1279,19.5,912,7192,2307,32.1,919,6909,1514,21.9,856,6035,1185,19.6,1432,6461,1226,19.0,975,7429,1441,19.4,877,5911,1288,21.8,920,6255,1137,18.2,1484,6669,1189,17.8,1409,6209,1021,16.4,933,5931,1306,22.0,896,8188,1232,15.0,750,6854,1166,17.0,1088,7851,2026,25.8,1214,7306,1373,18.8,1014,6165,1147,18.6,1315,6832,1290,18.9,1056,7606,1321,17.4,1135,6223,1101,17.7,927,6677,1271,19.0,1436,7763,1262,16.3,1785,6442,1184,18.4,999,6729,1209,18.0,1082,8180,1316,16.1,1050,6850,1150,16.8,1271,8204,1832,22.3,1063,6346,1391,21.9,1283,5494,1174,21.4,2185,6009,1200,20.0,1079,6298,1362,21.6,1156,5529,1078,19.5,958,5606,958,17.1,1654,5645,1003,17.8,919,5902,1036,17.6,1244,5283,1265,23.9,836,6377,1265,19.8,1097,5728,1061,18.5,1095,6527,1658,25.4,984,5805,1092,18.8,985,5661,969,17.1,1388,6287,932,14.8,1042,5538,1283,23.2
음식서비스,4689,14285,2556,17.9,5437,12236,2409,19.7,4158,12020,2567,21.4,5854,13816,2795,20.2,4632,11630,2591,22.3,3269,13650,2173,15.9,3118,14904,2043,13.7,4450,12040,2327,19.3,4936,13663,3748,27.4,5193,12995,3082,23.7,4756,11554,2617,22.7,4433,12148,2459,20.2,5036,14046,2602,18.5,5716,11046,2382,21.6,5298,11784,2439,20.7,6381,12840,2728,21.2,4954,11578,2233,19.3,4309,12226,2097,17.2,4000,15732,2407,15.3,3709,11435,2020,17.7,6044,14844,3751,25.3,5148,14178,3241,22.9,4505,11905,2566,21.6,4694,13407,2839,21.2,4723,15455,2864,18.5,5739,12264,2542,20.7,4767,13051,3063,23.5,5463,14192,2863,20.2,5180,12341,2779,22.5,4314,13989,2536,18.1,3857,16398,2470,15.1,4548,12495,2293,18.4,5897,16360,4158,25.4,5067,12738,3158,24.8,5305,11244,2808,25.0,5210,11758,2715,23.1,4808,12867,2699,21.0,6255,11323,2424,21.4,5287,11017,2523,22.9,5254,11128,2554,23.0,5188,11143,2453,22.0,4410,11019,2445,22.2,3803,12589,2109,16.8,5494,10655,2374,22.3,6260,12586,3641,28.9,6501,10557,2650,25.1,6111,10743,2208,20.6,5701,11123,2245,20.2,5183,11322,2096,18.5
건설관련직,8030,16783,4911,29.3,7918,13466,4170,31.0,8104,12100,3768,31.1,8116,14652,4400,30.0,7960,12913,4295,33.3,10017,18454,3457,18.7,7766,24703,3493,14.1,8257,17144,4892,28.5,9029,14621,7646,52.3,9882,14249,6859,48.1,8893,12785,5165,40.4,8243,13442,4434,33.0,10052,16767,4788,28.6,6917,12980,4028,31.0,8676,11930,3932,33.0,8932,14214,4652,32.7,8819,13349,3778,28.3,11753,18009,3333,18.5,9222,25622,4601,18.0,6699,14308,4099,28.6,11807,14849,8344,56.2,9845,14377,6781,47.2,9400,12078,4666,38.6,12613,13917,4722,33.9,10136,16440,4368,26.6,10660,11892,3748,31.5,9788,11189,3660,32.7,11196,13176,3876,29.4,10529,11934,3874,32.5,12395,15464,3055,19.8,10264,21636,3419,15.8,9528,13506,4008,29.7,13633,13893,6451,46.4,10999,11278,5202,46.1,10808,10719,4133,38.6,12076,11267,3689,32.7,10249,12430,3482,28.0,11445,10366,3215,31.0,9321,9008,3077,34.2,10206,9461,3262,34.5,9592,9755,3232,33.1,10874,11537,2572,22.3,9150,14727,2459,16.7,9807,10600,3534,33.3,13765,10140,4822,47.6,10052,9524,3913,41.1,10304,9967,2957,29.7,11575,10267,2938,28.6,10641,10725,2727,25.4
기계관리직,15215,12248,4868,39.7,17129,10839,4228,39.0,16830,10366,4099,39.5,17130,11661,4796,41.1,15531,9824,4793,48.8,13998,10921,4207,38.5,15392,12215,4065,33.3,18053,11575,4192,36.2,18308,11182,5088,45.5,19438,11138,5031,45.2,16206,10897,4270,39.2,15201,11151,4207,37.7,15498,12513,4756,38.0,15294,10218,3896,38.1,15857,10410,3901,37.5,14610,11942,4850,40.6,14094,10907,4272,39.2,14602,10501,4309,41.0,15935,13922,5081,36.5,12659,10291,3854,37.5,20414,12356,5137,41.6,15397,11969,5117,42.8,13823,11092,4140,37.3,16748,11895,4827,40.6,14013,13508,4925,36.5,14004,10918,4116,37.7,13698,11454,4342,37.9,15119,12804,4678,36.5,13105,11494,4686,40.8,13554,11503,4593,39.9,13652,14111,4479,31.7,13082,11237,3968,35.3,17628,13318,5264,39.5,13639,11642,4779,41.0,13729,11570,4357,37.7,15142,11644,4431,38.1,12768,12461,4606,37.0,14593,11554,4104,35.5,14959,10182,4100,40.3,15193,10997,4481,40.7,14999,10952,4487,41.0,15473,9977,4291,43.0,14020,11870,3855,32.5,17616,10716,4080,38.1,19519,11057,4591,41.5,16286,10801,4212,39.0,16371,11623,3583,30.8,17993,11049,3857,34.9,14251,11600,3765,32.5
재료관련직,9511,4816,1677,34.8,10724,4054,1485,36.6,11648,3791,1490,39.3,10914,4336,1835,42.3,9610,3620,1669,46.1,9995,4404,1477,33.5,11665,4601,1368,29.7,10903,4392,1523,34.7,11747,4268,1761,41.3,14206,4062,1722,42.4,9869,3795,1563,41.2,10606,4116,1611,39.1,10260,4784,1736,36.3,11567,3666,1527,41.7,10165,3800,1533,40.3,9905,4053,1790,44.2,9147,3510,1519,43.3,11001,3642,1476,40.5,11291,5258,1603,30.5,8142,3514,1185,33.7,15520,4581,1695,37.0,10441,4100,1699,41.4,9414,3741,1359,36.3,12407,4261,1682,39.5,9796,4946,1758,35.5,10501,3903,1505,38.6,12630,3893,1545,39.7,10361,4248,1678,39.5,9280,3776,1696,44.9,11157,4338,1507,34.7,9682,5534,1458,26.3,9150,4078,1442,35.4,13002,5027,1921,38.2,8975,4232,1727,40.8,8736,4235,1784,42.1,10424,4387,1721,39.2,8235,4729,1692,35.8,9069,4072,1551,38.1,10446,3591,1532,42.7,8899,3659,1720,47.0,8986,3684,1563,42.4,10188,3382,1410,41.7,9024,4026,1211,30.1,9963,3769,1344,35.7,12950,3868,1593,41.2,8912,3717,1356,36.5,9208,4189,1211,28.9,11337,3902,1366,35.0,8324,4179,1344,32.2
화학관련직,5105,1636,774,47.3,5901,1499,639,42.6,6781,2186,552,25.3,5806,1697,729,43.0,4994,1498,663,44.3,4776,1731,586,33.9,5840,1713,569,33.2,5865,1617,600,37.1,6077,1663,781,47.0,7002,1636,718,43.9,4916,1713,691,40.3,5119,1783,680,38.1,4815,1759,713,40.5,5990,1577,622,39.4,5341,1603,614,38.3,4798,1723,697,40.5,4265,1600,592,37.0,5160,1720,563,32.7,5235,1970,730,37.1,4136,1482,598,40.4,7515,1902,767,40.3,5100,1826,791,43.3,4376,1729,688,39.8,5518,1935,736,38.0,4405,1899,792,41.7,5092,1590,644,40.5,5530,1635,720,44.0,5133,1845,699,37.9,4904,1643,659,40.1,5173,1660,619,37.3,5111,1988,695,35.0,4723,1559,559,35.9,7768,2001,789,39.4,5043,1691,791,46.8,5150,1816,756,41.6,6175,1825,727,39.8,4870,1757,715,40.7,5606,1581,679,42.9,6315,1489,717,48.2,5390,1616,719,44.5,5278,1584,687,43.4,6166,1576,616,39.1,5454,1632,587,36.0,5903,1550,619,39.9,7958,1852,781,42.2,5366,1757,669,38.1,5382,1874,602,32.1,6452,1866,707,37.9,5048,1938,721,37.2
섬유및의복,2177,2462,472,19.2,2192,2144,403,18.8,2567,2001,409,20.4,2046,2274,488,21.5,1960,1902,407,21.4,2222,2067,390,18.9,2665,2359,357,15.1,1794,2064,400,19.4,2150,2014,457,22.7,3530,2138,505,23.6,1532,1929,389,20.2,1730,2062,396,19.2,1617,2340,450,19.2,2405,1906,370,19.4,1571,1782,352,19.8,1635,2007,496,24.7,1507,1798,405,22.5,2132,1903,347,18.2,1679,2365,458,19.4,1369,1855,320,17.3,2945,1984,546,27.5,1920,2187,520,23.8,1391,1802,419,23.3,2356,1867,463,24.8,1217,2264,447,19.7,1458,1859,400,21.5,2084,1701,422,24.8,1669,2043,447,21.9,1273,1810,418,23.1,2206,1755,340,19.4,1522,2161,359,16.6,1630,1755,366,20.9,3064,1942,468,24.1,1649,1598,449,28.1,1493,1526,361,23.7,2642,1489,362,24.3,1452,1471,436,29.6,1690,1438,273,19.0,2467,1247,299,24.0,2072,1290,356,27.6,1552,1438,316,22.0,2451,1227,287,23.4,1660,1263,239,18.9,1717,1133,266,23.5,3337,1318,337,25.6,1431,1257,308,24.5,1514,1364,252,18.5,2824,1305,260,19.9,1380,1418,238,16.8
전기전자,10438,13796,5065,36.7,12196,11612,4717,40.6,12510,11269,4427,39.3,11601,13244,5058,38.2,9537,10567,4953,46.9,7283,12582,4305,34.2,9076,13535,4013,29.6,11168,12450,4226,33.9,11492,12347,5203,42.1,11364,12477,5175,41.5,8175,12043,4442,36.9,8377,12660,4398,34.7,9277,15354,4939,32.2,9750,11732,4269,36.4,10214,12082,4451,36.8,9173,13183,5247,39.8,7567,12243,4222,34.5,8028,12109,4270,35.3,8604,15617,5385,34.5,7774,11222,3980,35.5,12660,13546,5336,39.4,8218,14113,5430,38.5,7174,12369,4442,35.9,8243,13219,4987,37.7,7445,15474,4786,30.9,7718,11766,4150,35.3,7582,11302,4581,40.5,8305,13420,4613,34.4,6826,11570,4542,39.3,7174,12104,4196,34.7,7780,14558,4398,30.2,7885,11410,3909,34.3,9774,13381,5031,37.6,7809,12356,4542,36.8,7296,11875,4175,35.2,8958,12181,4325,35.5,7239,12663,4219,33.3,8913,11274,4135,36.7,9049,10358,3975,38.4,8466,11355,4338,38.2,8317,11171,4285,38.4,7866,10499,3820,36.4,7707,12183,3694,30.3,9873,10567,3970,37.6,11191,11453,4727,41.3,9061,11040,4072,36.9,10697,11437,3633,31.8,10110,11742,3960,33.7,8523,12099,3869,32.0
정보통신,2101,6868,2001,29.1,2013,6188,1709,27.6,1700,5413,1716,31.7,2230,6119,1792,29.3,2096,5022,1785,35.5,1611,5907,1832,31.0,1720,7211,1789,24.8,2001,6629,1930,29.1,1951,6357,2377,37.4,2480,6241,2228,35.7,1840,6987,2047,29.3,1992,5640,1995,35.4,1927,7137,2170,30.4,1651,6312,1907,30.2,1848,5921,1878,31.7,1828,6008,1917,31.9,1692,6684,1687,25.2,1709,5584,1741,31.2,1675,8241,2155,26.1,1409,6673,1779,26.7,2060,7782,2404,30.9,1614,7026,2475,35.2,1439,6185,2093,33.8,1765,6772,2256,33.3,1583,7790,2287,29.4,1513,5970,2052,34.4,1631,5939,1971,33.2,1913,6528,1993,30.5,2338,5785,1877,32.4,1501,6218,1901,30.6,1484,7789,2001,25.7,1457,6136,1708,27.8,1734,6992,2240,32.0,1547,5999,2134,35.6,1585,5437,1788,32.9,1702,5844,1852,31.7,1438,6045,1716,28.4,1628,5225,1575,30.1,1533,4960,1594,32.1,1606,4994,1585,31.7,1450,5077,1664,32.8,1480,5289,1521,28.8,1393,6140,1574,25.6,1863,5600,1686,30.1,1724,6184,1924,31.1,1537,5598,1747,31.2,1432,5861,1468,25.0,1718,6326,1605,25.4,1497,5985,1614,27.0
식품가공,2691,2572,613,23.8,3370,1962,602,30.7,3290,2066,698,33.8,3407,2459,687,27.9,2741,1980,590,29.8,2756,2328,565,24.3,2703,2543,487,19.2,2853,2191,539,24.6,2635,2353,707,30.0,3473,2174,707,32.5,2630,2134,639,29.9,2251,2291,563,24.6,2516,2753,660,24.0,3114,2021,542,26.8,2979,2062,774,37.5,2938,2201,653,29.7,2613,2170,569,26.2,2909,2140,537,25.1,3291,2826,632,22.4,2104,2364,489,20.7,4107,2755,723,26.2,3075,2693,691,25.7,2618,2312,614,26.6,3189,2552,683,26.8,2653,3125,707,22.6,3246,2421,613,25.3,3382,2319,975,42.0,3350,2522,752,29.8,3035,2182,699,32.0,3458,2382,608,25.5,2708,3246,604,18.6,2810,2444,639,26.1,4093,3043,825,27.1,3035,2382,744,31.2,3079,2240,748,33.4,3659,2205,733,33.2,2872,2676,688,25.7,3652,2264,684,30.2,4012,2181,856,39.2,3431,2144,779,36.3,3297,2068,686,33.2,3527,1998,670,33.5,3078,2587,576,22.3,3510,2398,644,26.9,4284,2691,876,32.6,3310,2310,754,32.6,3202,2356,711,30.2,3916,2412,649,26.9,3054,2739,761,27.8
생산단순직,18292,13594,3903,28.7,17434,10934,3387,31.0,18000,10501,3314,31.6,16717,12394,3864,31.2,14935,10150,3869,38.1,15367,12546,2974,23.7,18202,14279,2986,20.9,16845,11437,3339,29.2,18426,11405,4272,37.5,23985,11829,3947,33.4,15538,11812,3408,28.9,15338,12038,3258,27.1,16347,14422,3666,25.4,20363,11034,3091,28.0,16851,11056,3296,29.8,16277,12921,4045,31.3,15253,11711,3529,30.1,18660,11885,3065,25.8,18160,16863,3864,22.9,13279,10258,3105,30.3,26189,12954,4586,35.4,17464,13661,4400,32.2,15579,12154,3618,29.8,20557,12904,3957,30.7,15156,15429,4067,26.4,16793,11036,3413,30.9,20369,11366,3751,33.0,18781,12757,4006,31.4,16047,11362,3883,34.2,21073,12238,3230,26.4,17424,15348,3432,22.4,15785,10699,3144,29.4,28353,13256,4559,34.4,17308,11334,3969,35.0,16779,11311,3501,31.0,22791,11778,3519,29.9,16322,12819,3577,27.9,19716,10533,3252,30.9,24695,9885,3237,32.7,19925,10895,3871,35.5,18686,10471,3717,35.5,25553,10290,3233,31.4,20131,11991,2860,23.9,21463,9424,3386,35.9,32160,10341,4114,39.8,20001,10000,3570,35.7,20543,10393,3027,29.1,28790,10355,3214,31.0,19101,10796,3118,28.9
농림어업,3240,1518,501,33.0,2694,1303,293,22.5,2947,1115,258,23.1,3671,1539,401,26.1,3267,1556,972,62.5,11514,3972,282,7.1,8831,4415,476,10.8,3272,1498,1425,95.1,4009,1356,1976,145.7,9104,1126,893,79.3,2430,1644,437,26.6,2179,2219,332,15.0,2765,1682,340,20.2,2763,1031,237,23.0,2777,1035,236,22.8,2936,1550,335,21.6,2616,1722,885,51.4,9771,3726,231,6.2,4993,4344,524,12.1,2554,1245,1423,114.3,8154,1149,2044,177.9,3503,1071,996,93.0,3016,1527,397,26.0,3567,2204,413,18.7,3409,1602,438,27.3,3115,1008,297,29.5,2903,993,292,29.4,3547,1615,492,30.5,4449,1720,1286,74.8,14464,3400,205,6.0,5407,4037,562,13.9,3183,1160,1513,130.4,10683,1197,2105,175.9,4187,875,821,93.8,2966,1837,398,21.7,2972,1522,297,19.5,3233,1105,366,33.1,3659,794,241,30.4,3255,843,221,26.2,3987,1151,384,33.4,3806,1313,1105,84.2,15898,2913,188,6.5,6317,3141,343,10.9,3459,913,1347,147.5,12458,855,1763,206.2,4496,776,674,86.9,2995,1291,321,24.9,4568,1303,248,19.0,3829,1040,234,22.5
군인,99,77,4,5.2,0,34,4,11.8,1,26,8,30.8,0,33,9,27.3,8,29,10,34.5,1,25,4,16.0,1,54,5,9.3,3,35,7,20.0,0,25,4,16.0,0,43,3,7.0,0,42,6,14.3,0,44,11,25.0,0,67,2,3.0,0,24,4,16.7,1,23,4,17.4,1,31,10,32.3,0,20,13,65.0,2,38,8,21.1,1,37,11,29.7,0,21,4,19.0,0,52,4,7.7,10,38,4,10.5,0,30,8,26.7,101,31,3,9.7,0,61,3,4.9,0,27,6,22.2,0,47,5,10.6,0,41,12,29.3,2,35,6,17.1,0,31,9,29.0,100,28,8,28.6,0,36,6,16.7,0,56,10,17.9,2,42,9,21.4,6,42,2,4.8,0,27,5,18.5,1,62,5,8.1,2,27,5,18.5,3,26,9,34.6,2,42,15,35.7,0,32,8,25.0,1,27,9,33.3,0,39,6,15.4,2,28,4,14.3,1,27,6,22.2,0,39,5,12.8,1,28,5,17.9,2,26,0,0.0,5,52,5,9.6
분류불능,-,-,-,-,-,-,-,-,-,-,-,-,-,-,-,-,-,-,-,-,-,-,-,-,-,-,-,-,-,-,-,-,-,-,-,-,-,-,-,-,-,-,-,-,-,-,-,-,-,-,-,-,-,-,-,-,-,-,-,-,-,-,-,-,-,-,-,-,-,-,-,-,0,0,0,0.0,0,0,0,0.0,0,0,0,0.0,0,0,0,0.0,0,0,0,0.0,0,0,0,0.0,0,0,0,0.0,0,0,0,0.0,0,0,0,0.0,0,0,0,0.0,0,0,0,0.0,0,0,0,0.0,-,-,-,-,-,-,-,-,-,-,-,-,-,-,-,-,-,-,-,-,-,-,-,-,-,-,-,-,-,-,-,-,-,-,-,-,-,-,-,-,-,-,-,-,-,-,-,-,0,0,0,0.0,0,0,0,-,0,0,0,0.0,0,0,0,0.0,0,0,0,0.0,0,0,0,0.0,0,0,0,0.0
